<?xml version="1.0" encoding="UTF-8"?>
<project-private xmlns="http://www.netbeans.org/ns/project-private/1">
    <editor-bookmarks xmlns="http://www.netbeans.org/ns/editor-bookmarks/2" lastBookmarkId="0"/>
    <open-files xmlns="http://www.netbeans.org/ns/projectui-open-files/2">
        <group>
            <file>file:/D:/saintGits/semester%202/Java%20Programming/supermarket/src/supermarket/products.java</file>
            <file>file:/D:/saintGits/semester%202/Java%20Programming/supermarket/src/supermarket/updateadmin.java</file>
            <file>file:/D:/saintGits/semester%202/Java%20Programming/supermarket/src/supermarket/db.java</file>
            <file>file:/D:/saintGits/semester%202/Java%20Programming/supermarket/src/supermarket/seller.java</file>
            <file>file:/D:/saintGits/semester%202/Java%20Programming/supermarket/src/supermarket/sales.java</file>
            <file>file:/D:/saintGits/semester%202/Java%20Programming/supermarket/src/supermarket/home.java</file>
            <file>file:/D:/saintGits/semester%202/Java%20Programming/supermarket/src/supermarket/login.java</file>
            <file>file:/D:/saintGits/semester%202/Java%20Programming/supermarket/src/supermarket/splash.java</file>
            <file>file:/D:/saintGits/semester%202/Java%20Programming/supermarket/src/supermarket/category.java</file>
        </group>
    </open-files>
</project-private>
